1	0.0212442
2	0.0183803
3	0.0280995
4	0.0137959
5	0.0183803
6	0.0137959
7	0.0212442
8	0.0183803
9	0.0183803
10	0.0137959
11	0.0
12	0.0137959
13	0.0
14	0.0137959
15	0.0
16	0.0137959
17	0.0
18	0.0183803
19	0.0
20	0.0231122
21	0.0137959
22	0.0
23	0.0212442
24	0.0160669
25	0.0
26	0.0183803
27	0.0183803
28	0.0183803
29	0.0137959
30	0.0206512
31	0.0183803
32	0.0183803
33	0.0183803
34	0.0231122
35	0.0
36	0.0280995
37	0.0276965
38	0.0183803
39	0.0183803
40	0.0206512
41	0.0137959
42	0.0137959
43	0.0183803
44	0.0137959
45	0.0676767
46	0.0183803
47	0.0193227
48	0.0137959
49	0.0
50	0.0137959
51	0.0137959
52	0.0137959
53	0.0212442
54	0.0183803
55	0.0206512
56	0.0137959
57	0.0239071
58	0.0137959
59	0.0
60	0.0137959
61	0.0299675
62	0.0253832
63	0.0406717
64	0.0183803
65	0.0183803
66	0.0183803
67	0.0183803
68	0.0313395
69	0.0
70	0.0137959
71	0.0316491
72	0.0238513
73	0.0192669
74	0.0192669
75	0.0354385
76	0.0238513
77	0.0238513
78	0.0192669
79	0.0192669
80	0.0238513
81	0.0192669
82	0.0192669
83	0.0192669
84	0.0
85	0.0137959
86	0.0137959
87	0.0676767
88	0.0843951
89	0.0501443
90	0.0137959
91	0.0276503
92	0.0754745
93	0.0183803
94	0.0231122
95	0.0305142
96	0.0271283
97	0.0477433
98	0.0406558
99	0.0137959
100	0.0183803
101	0.0137959
102	0.0183803
103	0.0676767
104	0.0183803
105	0.0183803
106	0.0137959
107	0.0652869
108	0.0231122
109	0.0137959
110	0.0
111	0.0258285
112	0.0183803
113	0.0192669
114	0.0192669
115	0.0192669
116	0.0192669
117	0.0192669
118	0.0238513
119	0.0238513
120	0.0238513
121	0.0192669
122	0.0861070
123	0.0238513
124	0.0215379
125	0.0192669
126	0.0341737
127	0.0369666
128	0.0676767
129	0.0523276
130	0.0997976
131	0.1043819
132	0.0183803
133	0.0137959
134	0.0676767
135	0.0350986
136	0.0276503
137	0.0551916
138	0.0751250
139	0.0723624
140	0.0406096
141	0.0751250
142	0.0212442
143	0.0
144	0.0387580
145	0.0183803
146	0.0137959
147	0.0206512
148	0.0137959
149	0.0231122
150	0.0769468
151	0.0137959
152	0.0676767
153	0.0676767
154	0.0183803
155	0.0137959
156	0.0183803
157	0.0137959
158	0.0183803
159	0.0137959
160	0.0183803
161	0.0137959
162	0.0183803
163	0.0699477
164	0.0699477
165	0.0792177
166	0.0
167	0.0769930
168	0.0137959
169	0.0137959
170	0.0374158
171	0.0276965
172	0.0276965
173	0.0676767
174	0.0231122
175	0.0676767
176	0.0137959
177	0.0137959
178	0.0751250
179	0.0212442
180	0.0183803
181	0.0676767
182	0.0137959
183	0.0137959
184	0.0751250
185	0.0806360
186	0.0137959
187	0.0212442
188	0.0137959
189	0.0
190	0.0212442
191	0.0137959
192	0.0183803
193	0.0137959
194	0.0137959
195	0.0137959
196	0.0212442
197	0.0248574
198	0.0137959
199	0.0231122
200	0.0231122
201	0.0676767
202	0.0137959
203	0.0
204	0.0137959
205	0.1753657
206	0.0183803
207	0.0676767
208	0.0137959
209	0.0137959
210	0.0231122
211	0.0137959
212	0.0183803
213	0.0183803
214	0.0183803
215	0.0183803
216	0.0137959
217	0.0137959
218	0.0231122
219	0.0183803
220	0.0523276
221	0.0235152
222	0.0137959
223	0.0206512
224	0.0843951
225	0.0844413
226	0.0545986
227	0.0137959
228	0.0137959
229	0.0192669
230	0.0192669
231	0.0192669
232	0.0192669
233	0.0731478
234	0.0192669
235	0.0192669
236	0.0805960
237	0.0192669
238	0.0824641
239	0.0354385
240	0.0192669
241	0.0261222
242	0.0238513
243	0.0238513
244	0.0
245	0.0238513
246	0.0261222
247	0.0137959
248	0.0
249	0.0699477
250	0.0137959
251	0.0183803
252	0.0676767
253	0.0676767
254	0.0137959
255	0.0351448
256	0.0137959
257	0.0137959
258	0.0183803
259	0.0137959
260	0.0276503
261	0.0
262	0.0183803
263	0.0183803
264	0.0137959
265	0.0137959
266	0.0183803
267	0.0258285
268	0.0183803
269	0.0183803
270	0.0
271	0.0231122
272	0.0258285
273	0.0137959
274	0.0299675
275	0.0299675
276	0.0676767
277	0.0276965
278	0.0299675
279	0.0206512
280	0.0231122
281	0.0206512
282	0.0183803
283	0.0183803
284	0.0137959
285	0.0230660
286	0.0137959
287	0.0
288	0.0676767
289	0.0183803
290	0.0280995
291	0.0183803
292	0.0183803
293	0.0192669
294	0.0192669
295	0.0192669
296	0.0238513
297	0.0285832
298	0.0
299	0.0285832
300	0.0285832
301	0.0192669
302	0.0238513
303	0.1882850
304	0.0238513
305	0.0238513
306	0.0285832
307	0.0137959
308	0.0276965
309	0.0137959
310	0.0192669
311	0.0192669
312	0.0285832
313	0.0192669
314	0.0368105
315	0.0238513
316	0.0312996
317	0.0
318	0.0137959
319	0.0523276
320	0.0183803
321	0.0299675
322	0.0183803
323	0.0183803
324	0.0276965
325	0.0276965
326	0.0231122
327	0.0313395
328	0.0258285
329	0.0137959
330	0.0699477
331	0.0280995
332	0.0183803
333	0.0183803
334	0.0183803
335	0.0137959
336	0.0
337	0.0137959
338	0.0137959
339	0.0183803
340	0.0137959
341	0.0137959
342	0.0258285
343	0.0
344	0.0183803
345	0.0183803
346	0.0276503
347	0.0235152
348	0.0
349	0.0183803
350	0.0258285
351	0.0137959
352	0.0
353	0.0231122
354	0.0239071
355	0.0206512
356	0.0137959
357	0.0137959
358	0.0699477
359	0.0630924
360	0.0676767
361	0.0280995
362	0.0160669
363	0.0523276
364	0.0183803
365	0.0432890
366	0.0294417
367	0.0230660
368	0.0922232
369	0.0728116
370	0.0354943
371	0.0
372	0.0323822
373	0.0137959
374	0.0137959
375	0.0829069
376	0.0
377	0.0231122
378	0.0769930
379	0.0231122
380	0.0160669
381	0.0792640
382	0.0206512
383	0.0160669
384	0.0137959
385	0.0206512
386	0.1753657
387	0.0183803
388	0.0477433
389	0.0137959
390	0.0137959
391	0.1173412
392	0.0137959
393	0.0630924
394	0.0676767
395	0.0
396	0.0523276
397	0.0773960
398	0.0137959
399	0.0267152
400	0.0192669
401	0.0285370
402	0.0192669
403	0.0192669
404	0.0192669
405	0.0805960
406	0.0192669
407	0.0192669
408	0.0261222
409	0.0312996
410	0.0824178
411	0.0940051
412	0.0192669
413	0.0285832
414	0.1145387
415	0.0215379
416	0.0731478
417	0.0192669
418	0.0192669
419	0.0731478
420	0.0532143
421	0.0192669
422	0.0
423	0.0137959
424	0.0160669
425	0.1107578
426	0.0987251
427	0.0293781
428	0.0238513
429	0.0192669
430	0.0192669
431	0.0192669
432	0.0267152
433	0.0238513
434	0.0192669
435	0.0261222
436	0.0238513
437	0.1088268
438	0.0192669
439	0.0238513
440	0.1041962
441	0.0532143
442	0.0
443	0.0137959
444	0.0137959
445	0.0137959
446	0.0183803
447	0.0299675
448	0.0258285
449	0.0137959
450	0.0231122
451	0.0276965
452	0.0137959
453	0.0137959
454	0.1220269
455	0.0183803
456	0.0183803
457	0.0137959
458	0.1485133
459	0.0137959
460	0.0630924
461	0.0137959
462	0.0183803
463	0.0206512
464	0.0183803
465	0.0276965
466	0.0
467	0.0183803
468	0.0137959
469	0.0183803
470	0.0137959
471	0.0192669
472	0.0192669
473	0.0238513
474	0.0238513
475	0.0192669
476	0.0192669
477	0.0532143
478	0.0192669
479	0.0192669
480	0.0238513
481	0.0192669
482	0.0192669
483	0.0238513
484	0.0238513
485	0.0192669
486	0.0192669
487	0.0285370
488	0.0192669
489	0.0192669
490	0.0192669
491	0.0
492	0.0137959
493	0.0676767
494	0.0276503
495	0.0160669
496	0.0137959
497	0.0137959
498	0.0137959
499	0.0
500	0.1828140
501	0.0432890
502	0.1920840
503	0.0922232
504	0.0
505	0.0206512
506	0.0183803
507	0.0137959
508	0.0183803
509	0.0183803
510	0.0630924
511	0.0137959
512	0.0137959
513	0.0276965
514	0.0137959
515	0.0137959
516	0.0
517	0.0137959
518	0.0477433
519	0.0676767
520	0.0183803
521	0.0
522	0.0523276
523	0.0137959
524	0.0231122
525	0.0137959
526	0.0987251
527	0.0206512
528	0.0183803
529	0.0183803
530	0.0183803
531	0.0231122
532	0.0276965
533	0.0137959
534	0.0276965
535	0.0231122
536	0.0
537	0.0183803
538	0.0
539	0.0137959
540	0.0137959
541	0.0192669
542	0.0285832
543	0.0285832
544	0.0331676
545	0.0192669
546	0.0285832
547	0.0137959
548	0.0137959
549	0.0137959
550	0.0137959
551	0.0351448
552	0.0
553	0.0276965
554	0.0
555	0.0137959
556	0.0276965
557	0.0231122
558	0.0137959
559	0.0192669
560	0.0285832
561	0.0192669
562	0.0331676
563	0.0308542
564	0.0238513
565	0.0192669
566	0.0192669
567	0.0238513
568	0.0238513
569	0.0192669
570	0.0
571	0.0231122
572	0.0351448
573	0.0183803
574	0.0137959
575	0.0231122
576	0.0231122
577	0.1126258
578	0.0299675
579	0.0769930
580	0.1126258
581	0.0183803
582	0.0723624
583	0.0323822
584	0.0137959
585	0.0183803
586	0.0137959
587	0.0630924
588	0.0137959
589	0.0137959
590	0.0137959
591	0.0183803
592	0.0137959
593	0.0137959
594	0.0183803
595	0.1647862
596	0.0230660
597	0.0699477
598	0.0183803
599	0.0137959
600	0.0
601	0.0137959
602	0.0137959
603	0.0336105
604	0.0137959
605	0.0160669
606	0.0192669
607	0.0238513
608	0.0192669
609	0.0423374
610	0.0238513
611	0.0215379
612	0.0331213
613	0.0731478
614	0.0861070
615	0.0192669
616	0.0331213
617	0.0331213
618	0.0238513
619	0.0652469
620	0.0353923
621	0.0192669
622	0.0192669
623	0.0137959
624	0.0137959
625	0.0
626	0.0997976
627	0.0183803
628	0.0137959
629	0.0231122
630	0.0183803
631	0.0183803
632	0.1722647
633	0.0231122
634	0.0137959
635	0.0137959
636	0.0769930
637	0.1043819
638	0.0899060
639	0.0769468
640	0.0137959
641	0.0
642	0.0137959
643	0.1145387
644	0.0285832
645	0.0192669
646	0.0192669
647	0.0238513
648	0.0192669
649	0.0192669
650	0.0685634
651	0.0624843
652	0.0192669
653	0.0238513
654	0.0192669
655	0.0293781
656	0.0192669
657	0.1320823
658	0.0215379
659	0.0824178
660	0.0
661	0.0137959
662	0.0231122
663	0.1183839
664	0.0137959
665	0.0137959
666	0.0183803
667	0.0137959
668	0.0137959
669	0.1173412
670	0.0137959
671	0.0137959
672	0.0769468
673	0.0137959
674	0.0192669
675	0.0331213
676	0.0192669
677	0.0238513
678	0.1534927
679	0.0238513
680	0.0192669
681	0.0192669
682	0.0192669
683	0.0137959
684	0.0137959
685	0.0212442
686	0.0137959
687	0.0
688	0.0
689	0.0137959
690	0.0137959
691	0.0231122
692	0.0253832
693	0.0192669
694	0.0192669
695	0.0137959
696	0.0192669
697	0.0192669
698	0.0192669
699	0.0238513
700	0.0285832
701	0.0
702	0.0231122
703	0.0231122
704	0.0137959
705	0.0183803
706	0.0183803
707	0.0183803
708	0.0
709	0.0160669
710	0.0299675
711	0.0137959
712	0.0137959
713	0.0137959
714	0.0137959
715	0.0313395
716	0.0341274
717	0.0137959
718	0.0183803
719	0.0183803
720	0.0
721	0.0137959
722	0.0212442
723	0.0212442
724	0.0137959
725	0.0137959
726	0.0
727	0.0238513
728	0.0331676
729	0.0238513
730	0.0192669
731	0.0192669
732	0.0238513
733	0.0192669
734	0.0
735	0.0192669
736	0.0192669
737	0.0238513
738	0.0192669
739	0.0238513
740	0.0192669
741	0.0192669
742	0.0238513
743	0.0
744	0.0192669
745	0.0285832
746	0.0285832
747	0.0192669
748	0.0192669
749	0.0137959
750	0.0192669
751	0.0137959
752	0.0
753	0.0137959
754	0.0137959
755	0.0137959
756	0.0137959
757	0.0
758	0.0137959
759	0.0137959
760	0.0183803
761	0.0183803
762	0.0183803
763	0.0137959
764	0.0258285
765	0.0137959
766	0.0137959
767	0.0183803
768	0.0137959
769	0.0
770	0.0137959
771	0.0137959
772	0.0258285
773	0.0137959
774	0.0
775	0.0137959
776	0.0137959
777	0.0193227
778	0.0137959
779	0.0183803
780	0.0231122
781	0.0183803
782	0.0137959
783	0.0137959
784	0.0137959
785	0.0183803
786	0.0137959
787	0.0798570
788	0.0258285
789	0.0183803
790	0.0137959
791	0.0280995
792	0.0137959
793	0.0137959
794	0.0276965
795	0.0276965
796	0.0183803
797	0.0258285
798	0.0192669
799	0.0238513
800	0.0192669
801	0.0368105
802	0.0192669
803	0.0238513
804	0.0238513
805	0.0238513
806	0.0238513
807	0.0261222
808	0.0238513
809	0.0238513
810	0.0238513
811	0.0368264
812	0.0238513
813	0.0192669
814	0.0
815	0.0183803
816	0.0137959
817	0.0183803
818	0.0183803
819	0.0137959
820	0.0239071
821	0.0137959
822	0.0239071
823	0.0193227
824	0.0267710
825	0.0183803
826	0.0183803
827	0.0137959
828	0.0137959
829	0.0
830	0.0258285
831	0.0183803
832	0.0137959
833	0.0183803
834	0.0137959
835	0.0206512
836	0.0137959
837	0.0137959
838	0.0183803
839	0.0183803
840	0.0137959
841	0.0280995
842	0.0137959
843	0.0183803
844	0.0137959
845	0.0137959
846	0.0137959
847	0.0137959
848	0.0231122
849	0.0231122
850	0.0
851	0.0336263
852	0.0
853	0.0137959
854	0.0137959
855	0.0137959
856	0.0183803
857	0.0231122
858	0.0231122
859	0.0231122
860	0.0231122
861	0.0231122
862	0.0276965
863	0.0137959
864	0.0183803
865	0.0192669
866	0.0192669
867	0.0192669
868	0.0
869	0.0192669
870	0.0
871	0.0285832
872	0.0238513
873	0.0192669
874	0.0192669
875	0.0261222
876	0.0
877	0.0247938
878	0.0192669
879	0.0322420
880	0.0192669
881	0.0247938
882	0.0192669
883	0.0137959
884	0.0
885	0.0267152
886	0.0192669
887	0.0247938
888	0.0312996
889	0.0192669
890	0.0137959
891	0.0137959
892	0.0183803
893	0.0239071
894	0.0183803
895	0.0137959
896	0.0137959
897	0.0183803
898	0.0137959
899	0.0137959
900	0.0212442
901	0.0
902	0.0137959
903	0.0137959
904	0.0137959
905	0.0137959
906	0.0137959
907	0.0137959
908	0.0137959
909	0.0137959
910	0.0276965
911	0.0183803
912	0.0137959
913	0.0248574
914	0.0137959
915	0.0137959
916	0.0137959
917	0.0
918	0.0137959
919	0.0212442
920	0.0137959
921	0.0137959
922	0.0183803
923	0.0137959
924	0.0
925	0.0206512
926	0.0137959
927	0.0183803
928	0.0137959
929	0.0
930	0.0137959
931	0.0446083
932	0.0192669
933	0.0192669
934	0.0192669
935	0.0192669
936	0.0390815
937	0.0192669
938	0.0192669
939	0.0192669
940	0.0137959
941	0.0137959
942	0.0231122
943	0.0351448
944	0.0183803
945	0.0406558
946	0.0212442
947	0.0137959
948	0.0137959
949	0.1173412
950	0.0
951	0.0137959
952	0.0137959
953	0.0276965
954	0.0258285
955	0.0183803
956	0.0137959
957	0.0137959
958	0.0183803
959	0.0183803
960	0.0137959
961	0.0137959
962	0.0183803
963	0.0137959
964	0.0276965
965	0.0183803
966	0.0137959
967	0.0137959
968	0.0137959
969	0.0137959
970	0.0137959
971	0.0160669
972	0.0
973	0.0160669
974	0.1266733
975	0.0429268
976	0.0137959
977	0.0137959
978	0.0212442
979	0.0137959
980	0.0137959
981	0.0137959
982	0.0183803
983	0.0183803
984	0.0192669
985	0.0192669
986	0.0192669
987	0.0192669
988	0.0192669
989	0.0192669
990	0.0137959
991	0.0
992	0.0261222
993	0.0192669
994	0.0192669
995	0.0192669
996	0.0192669
997	0.0238513
998	0.0192669
999	0.0285832
1000	0.0285832
1001	0.0285832
1002	0.0192669
1003	0.0192669
1004	0.0
1005	0.0192669
1006	0.0192669
1007	0.0192669
1008	0.0192669
1009	0.0137959
1010	0.0183803
1011	0.0206512
1012	0.0280995
1013	0.0183803
1014	0.0336105
1015	0.0137959
1016	0.0137959
1017	0.0231122
1018	0.0276965
1019	0.0374158
1020	0.0231122
1021	0.0183803
1022	0.0484536
1023	0.0276965
1024	0.0183803
1025	0.0137959
1026	0.0231122
1027	0.0183803
1028	0.0137959
1029	0.0137959
1030	0.0212442
1031	0.0
1032	0.0261780
1033	0.0351448
1034	0.0676767
1035	0.0183803
1036	0.0183803
1037	0.0137959
1038	0.0160669
1039	0.0160669
1040	0.0137959
1041	0.0183803
1042	0.0313395
1043	0.0676767
1044	0.0630924
1045	0.0137959
1046	0.0
1047	0.0137959
1048	0.0280995
1049	0.0299675
1050	0.0137959
1051	0.0137959
1052	0.0137959
1053	0.0137959
1054	0.0137959
1055	0.0193227
1056	0.0137959
1057	0.1140440
1058	0.0137959
1059	0.0137959
1060	0.0137959
1061	0.0183803
1062	0.0183803
1063	0.0276965
1064	0.0258285
1065	0.0231122
1066	0.0276965
1067	0.0183803
1068	0.0332234
1069	0.0231122
1070	0.0137959
1071	0.0231122
1072	0.0276965
1073	0.0183803
1074	0.0
1075	0.0231122
1076	0.0231122
1077	0.0231122
1078	0.0192669
1079	0.0192669
1080	0.0192669
1081	0.0238513
1082	0.1310561
1083	0.0192669
1084	0.0192669
1085	0.0192669
1086	0.0261222
1087	0.0192669
1088	0.0406159
1089	0.0192669
1090	0.0192669
1091	0.0137959
1092	0.0276965
1093	0.0192669
1094	0.0192669
1095	0.0192669
1096	0.0285832
1097	0.0192669
1098	0.0137959
1099	0.0137959
1100	0.0137959
1101	0.0285832
1102	0.0215379
1103	0.0137959
1104	0.0137959
1105	0.0137959
1106	0.0137959
1107	0.0212442
1108	0.0
1109	0.0137959
1110	0.0137959
1111	0.0336105
1112	0.0137959
1113	0.0137959
1114	0.0137959
1115	0.0
1116	0.0137959
1117	0.0183803
1118	0.0137959
1119	0.0183803
1120	0.0206512
1121	0.0276965
1122	0.0137959
1123	0.0231122
1124	0.0231122
1125	0.0183803
1126	0.0972953
1127	0.0
1128	0.0137959
1129	0.0137959
1130	0.0285832
1131	0.0285832
1132	0.0285832
1133	0.0335705
1134	0.0192669
1135	0.0316491
1136	0.0192669
1137	0.0368264
1138	0.0192669
1139	0.0137959
1140	0.0137959
1141	0.0429268
1142	0.0484536
1143	0.0351448
1144	0.0137959
1145	0.0183803
1146	0.0183803
1147	0.0
1148	0.0987251
1149	0.0137959
1150	0.0183803
1151	0.0
1152	0.0917685
1153	0.0
1154	0.0378533
1155	0.0331676
1156	0.0261222
1157	0.0316491
1158	0.0285832
1159	0.0192669
1160	0.0238513
1161	0.0331676
1162	0.0192669
1163	0.0238513
1164	0.1135125
1165	0.0137959
1166	0.0137959
1167	0.0258285
1168	0.0137959
1169	0.0276965
1170	0.0137959
1171	0.0183803
1172	0.0137959
1173	0.0276965
1174	0.0231122
1175	0.0231122
1176	0.0369666
1177	0.0183803
1178	0.0258285
1179	0.0137959
1180	0.0137959
1181	0.0183803
1182	0.0
1183	0.0183803
1184	0.0137959
1185	0.0137959
1186	0.0137959
1187	0.0183803
1188	0.0137959
1189	0.0137959
1190	0.0137959
1191	0.0137959
1192	0.0137959
1193	0.0183803
1194	0.0
1195	0.0137959
1196	0.0137959
1197	0.0137959
1198	0.0351448
1199	0.0406558
1200	0.0137959
1201	0.0137959
1202	0.0212442
1203	0.0206512
1204	0.0
1205	0.0137959
1206	0.0212442
1207	0.0280995
1208	0.0253832
1209	0.0280995
1210	0.0183803
1211	0.0212442
1212	0.0
1213	0.0183803
1214	0.0806360
1215	0.0137959
1216	0.0137959
1217	0.0258285
1218	0.0183803
1219	0.0183803
1220	0.0183803
1221	0.0137959
1222	0.0183803
1223	0.0137959
1224	0.0769468
1225	0.0212442
1226	0.0137959
1227	0.0137959
1228	0.0429268
1229	0.0477433
1230	0.0183803
1231	0.0160669
1232	0.0137959
1233	0.0280995
1234	0.0137959
1235	0.1108040
1236	0.0183803
1237	0.0630924
1238	0.0
1239	0.0137959
1240	0.0183803
1241	0.0137959
1242	0.1043819
1243	0.0137959
1244	0.0183803
1245	0.0137959
1246	0.0137959
1247	0.0137959
1248	0.0137959
1249	0.0137959
1250	0.0183803
1251	0.0183803
1252	0.0137959
1253	0.0820817
1254	0.0137959
1255	0.0183803
1256	0.0231122
1257	0.0276965
1258	0.0137959
1259	0.0137959
1260	0.0206512
1261	0.0276965
1262	0.0231122
1263	0.0276965
1264	0.0313395
1265	0.0137959
1266	0.0137959
1267	0.0137959
1268	0.0253832
1269	0.0276965
1270	0.0
1271	0.0183803
1272	0.0206512
1273	0.0
1274	0.0137959
1275	0.0406558
1276	0.0276965
1277	0.0183803
1278	0.0406558
1279	0.0137959
1280	0.0285832
1281	0.0285832
1282	0.0285832
1283	0.0285832
1284	0.0285832
1285	0.0285832
1286	0.0192669
1287	0.0192669
1288	0.0192669
1289	0.0137959
1290	0.0
1291	0.0183803
1292	0.0285832
1293	0.0192669
1294	0.0285832
1295	0.0
1296	0.0192669
1297	0.0192669
1298	0.0238513
1299	0.0238513
1300	0.0192669
1301	0.0192669
1302	0.0192669
1303	0.0231122
1304	0.0137959
1305	0.0276965
1306	0.0360715
1307	0.0
1308	0.0137959
1309	0.0137959
1310	0.0206512
1311	0.0280995
1312	0.0160669
1313	0.0137959
1314	0.0183803
1315	0.0137959
1316	0.0183803
1317	0.0137959
1318	0.0137959
1319	0.0341274
1320	0.0137959
1321	0.0724087
1322	0.0
1323	0.0137959
1324	0.0137959
1325	0.0137959
1326	0.0137959
1327	0.0
1328	0.0
1329	0.0137959
1330	0.0137959
1331	0.0305605
1332	0.0206512
1333	0.0231122
1334	0.0276965
1335	0.0137959
1336	0.0192669
1337	0.0192669
1338	0.0192669
1339	0.0261222
1340	0.0428868
1341	0.0192669
1342	0.0192669
1343	0.0192669
1344	0.0731478
1345	0.0192669
1346	0.0192669
1347	0.0192669
1348	0.0238513
1349	0.0192669
1350	0.0258285
1351	0.0183803
1352	0.0206512
1353	0.0
1354	0.0238513
1355	0.0238513
1356	0.0331676
1357	0.0192669
1358	0.0192669
1359	0.0192669
1360	0.0238513
1361	0.0238513
1362	0.0312996
1363	0.0
1364	0.0238513
1365	0.0238513
1366	0.0
1367	0.0258285
1368	0.0206512
1369	0.0137959
1370	0.0429268
1371	0.0137959
1372	0.0137959
1373	0.0
1374	0.0183803
1375	0.0137959
1376	0.0183803
1377	0.0183803
1378	0.0231122
1379	0.0432890
1380	0.0137959
1381	0.0
1382	0.0235152
1383	0.0
1384	0.0183803
1385	0.0137959
1386	0.0137959
1387	0.0192669
1388	0.0331676
1389	0.0192669
1390	0.0192669
1391	0.0192669
1392	0.0192669
1393	0.0285370
1394	0.0192669
1395	0.0192669
1396	0.0238513
1397	0.0
1398	0.0192669
1399	0.0192669
1400	0.0238513
1401	0.0331676
1402	0.0
1403	0.0192669
1404	0.0285832
1405	0.0331676
1406	0.0
1407	0.0258285
1408	0.0137959
1409	0.0183803
1410	0.0137959
1411	0.0676767
1412	0.0280995
1413	0.0230660
1414	0.0676767
1415	0.0276965
1416	0.0276965
1417	0.0183803
1418	0.0183803
1419	0.0206512
1420	0.0183803
1421	0.0183803
1422	0.1753657
1423	0.0
1424	0.0137959
1425	0.0183803
1426	0.0137959
1427	0.0137959
1428	0.0137959
1429	0.0137959
1430	0.0183803
1431	0.0137959
1432	0.0183803
1433	0.0183803
1434	0.0137959
1435	0.0183803
1436	0.0137959
1437	0.0206512
1438	0.0137959
1439	0.0137959
1440	0.0137959
1441	0.0286390
1442	0.0351448
1443	0.0299675
1444	0.0253832
1445	0.0
1446	0.0231122
1447	0.0231122
1448	0.0183803
1449	0.0212442
1450	0.0137959
1451	0.0276965
1452	0.0137959
1453	0.0
1454	0.0280995
1455	0.0137959
1456	0.0137959
1457	0.0183803
1458	0.0183803
1459	0.0183803
1460	0.0183803
1461	0.0183803
1462	0.0231122
1463	0.0231122
1464	0.0253832
1465	0.0253832
1466	0.0183803
1467	0.0137959
1468	0.0328314
1469	0.0231122
1470	0.0231122
1471	0.0231122
1472	0.0231122
1473	0.0231122
1474	0.0231122
1475	0.0231122
1476	0.0183803
1477	0.0137959
1478	0.0183803
1479	0.0183803
1480	0.0
1481	0.0137959
1482	0.0212442
1483	0.0137959
1484	0.0238513
1485	0.0192669
1486	0.0192669
1487	0.0192669
1488	0.0
1489	0.0335705
1490	0.0192669
1491	0.0192669
1492	0.0192669
1493	0.0483978
1494	0.0192669
1495	0.0258285
1496	0.0183803
1497	0.0192669
1498	0.0
1499	0.0137959
1500	0.0
1501	0.0183803
1502	0.0183803
1503	0.0183803
1504	0.0
1505	0.0206512
1506	0.0160669
1507	0.0206512
1508	0.0160669
1509	0.0336105
1510	0.1173412
1511	0.0183803
1512	0.0183803
1513	0.0183803
1514	0.0231122
1515	0.0231122
1516	0.0137959
1517	0.0137959
1518	0.0137959
1519	0.0137959
1520	0.0
1521	0.0137959
1522	0.0354385
1523	0.0354385
1524	0.0192669
1525	0.0
1526	0.0192669
1527	0.0261222
1528	0.0238513
1529	0.0192669
1530	0.0192669
1531	0.0137959
1532	0.0137959
1533	0.0137959
1534	0.0137959
1535	0.0231122
1536	0.0231122
1537	0.0231122
1538	0.0231122
1539	0.0276965
1540	0.0137959
1541	0.0258285
1542	0.0
1543	0.0137959
1544	0.0137959
1545	0.0
1546	0.0137959
1547	0.0230660
1548	0.0368664
1549	0.0
1550	0.0137959
1551	0.0137959
1552	0.0137959
1553	0.0261780
1554	0.0523276
1555	0.0192669
1556	0.0192669
1557	0.1042424
1558	0.1087805
1559	0.0192669
1560	0.0192669
1561	0.1069588
1562	0.0483978
1563	0.0442290
1564	0.0285832
1565	0.0238513
1566	0.0238513
1567	0.0192669
1568	0.0
1569	0.0137959
1570	0.0183803
1571	0.0183803
1572	0.0137959
1573	0.0206512
1574	0.0183803
1575	0.0299675
1576	0.0866660
1577	0.0137959
1578	0.0323822
1579	0.0137959
1580	0.0299675
1581	0.0137959
1582	0.0137959
1583	0.0821363
1584	0.0137959
1585	0.0137959
1586	0.0183803
1587	0.0285832
1588	0.0238513
1589	0.0192669
1590	0.0238513
1591	0.0261222
1592	0.0192669
1593	0.0238513
1594	0.0192669
1595	0.0768342
1596	0.0215379
1597	0.0137959
1598	0.0137959
1599	0.0231122
1600	0.0183803
1601	0.0183803
1602	0.0258285
1603	0.1044118
1604	0.0137959
1605	0.0183803
1606	0.0231122
1607	0.0351448
1608	0.0231122
1609	0.0137959
1610	0.0183803
1611	0.0137959
1612	0.0294417
1613	0.0137959
1614	0.0183803
1615	0.0183803
1616	0.0
1617	0.0137959
1618	0.0299675
1619	0.0183803
1620	0.0192669
1621	0.0192669
1622	0.0192669
1623	0.0285832
1624	0.0285832
1625	0.0354385
1626	0.0331676
1627	0.0285832
1628	0.0238513
1629	0.0192669
1630	0.0331676
1631	0.0238513
1632	0.0137959
1633	0.0137959
1634	0.0137959
1635	0.0137959
1636	0.0183803
1637	0.0276965
1638	0.0305605
1639	0.0231122
1640	0.0231122
1641	0.0276965
1642	0.0183803
1643	0.0137959
1644	0.0137959
1645	0.0369666
1646	0.0336263
1647	0.0478734
1648	0.0137959
1649	0.0500142
1650	0.0137959
1651	0.0137959
1652	0.0
1653	0.0137959
1654	0.0160669
1655	0.0248574
1656	0.0
1657	0.0
1658	0.0206512
1659	0.0183803
1660	0.0206512
1661	0.0137959
1662	0.0183803
1663	0.0183803
1664	0.0351448
1665	0.0183803
1666	0.0183803
1667	0.0313395
1668	0.0137959
1669	0.0183803
1670	0.0137959
1671	0.0183803
1672	0.0137959
1673	0.0
1674	0.0137959
1675	0.0137959
1676	0.0299675
1677	0.0267710
1678	0.0276965
1679	0.0276965
1680	0.0231122
1681	0.0231122
1682	0.0231122
1683	0.0276965
1684	0.0276965
1685	0.0206512
1686	0.0137959
1687	0.0212442
1688	0.0461826
1689	0.0
1690	0.0137959
1691	0.0267552
1692	0.0280995
1693	0.0183803
1694	0.0239071
1695	0.0806360
1696	0.0137959
1697	0.0183803
1698	0.0137959
1699	0.0
1700	0.0137959
1701	0.0192669
1702	0.0238513
1703	0.0238513
1704	0.0192669
1705	0.0238513
1706	0.0238513
1707	0.0238513
1708	0.0238513
1709	0.0238513
1710	0.0238513
1711	0.0261222
1712	0.0238513
1713	0.0238513
1714	0.0192669
1715	0.0192669
1716	0.0
1717	0.0137959
1718	0.0258285
